t_center,scheme,c2,gamma,nu
0.6,exact,4.114809546883123,-0.41625822720118016,0.0274225894717548
0.6,fwd20,4.2194331882386535,0.4385337399407927,0.1240062116155608
0.6,ctr20,4.036699897386209,-0.41962737210868023,0.030798569899974468
0.6,ctr50,3.717439459261998,-0.3048688825139748,0.05041980880332853
0.62,exact,4.148431364331674,-0.41559230553897064,0.030411056732166514
0.62,fwd20,4.188471403965734,0.4129858296557279,0.1263229344058118
0.62,ctr20,4.071452416539119,-0.3674126337125454,0.032426236520411225
0.62,ctr50,3.9459296995557707,-0.23846403772052743,0.033057082589670106
0.64,exact,3.9044416389505043,-0.45128057599706345,-0.1304282804703406
0.64,fwd20,4.106995352877176,0.5590552727503662,0.2624598253650453
0.64,ctr20,4.0440124094310885,-0.5802255824226024,-0.047331421792403225
0.64,ctr50,3.8567828135504305,-0.446771945088997,-0.05057646925825856
0.66,exact,3.8910952702262094,-0.6130902933649234,-0.10154459584069497
0.66,fwd20,4.073278938776808,0.48088972920078554,0.2920042708681032
0.66,ctr20,3.8704158005737246,-0.5927997691337084,-0.08578075457003495
0.66,ctr50,3.721684258679501,-0.5621205465506415,-0.07516420479439194
0.68,exact,3.8965641345226376,-0.617600198187789,-0.14335004230552706
0.68,fwd20,4.08227126103061,0.4898656661639293,0.3036876035845096
0.68,ctr20,3.8491487246570024,-0.6407836672744551,-0.14058807563101966
0.68,ctr50,3.7895761596935684,-0.49170636933692846,-0.14925206187653078
0.7000000000000001,exact,3.9459077197588464,-0.33286120460079077,-0.10687620338741022
0.7000000000000001,fwd20,4.103593644552605,0.512450717924331,0.262105089662197
0.7000000000000001,ctr20,3.911754037959603,-0.33653873254669775,-0.09827871199757399
0.7000000000000001,ctr50,3.7178896646061075,-0.26371650025949356,-0.16684643258520002
0.72,exact,3.903076735855609,-0.32641336775999646,-0.17613924721258872
0.72,fwd20,4.0683177913808795,0.5527511525379537,0.2709343446544966
0.72,ctr20,3.8640580953374095,-0.3198047009199527,-0.1870821672439232
0.72,ctr50,3.679483797211925,-0.28609916249216727,-0.1472462730916457
0.74,exact,3.9127493586990494,-0.29066347553848626,-0.16253557601887145
0.74,fwd20,4.056081914494397,0.5900950940948321,0.2779283443325486
0.74,ctr20,3.8650198796969155,-0.28856963486085213,-0.14811243805977725
0.74,ctr50,3.6740723516366307,-0.2823031104103803,-0.022464500971727863
0.76,exact,3.9246372970595056,-0.2327917895570463,-0.12579353423992284
0.76,fwd20,4.046347166392361,0.5924067127855647,0.2641010998442215
0.76,ctr20,3.8429212416100453,-0.20347258378979036,-0.11972090436565165
0.76,ctr50,3.6071776997270275,-0.10464330089347686,-0.10331800910194174
0.78,exact,3.9099194919144864,-0.2225648219742263,-0.11609017361074231
0.78,fwd20,4.029175147531212,0.6049323282945788,0.24475764643459455
0.78,ctr20,3.8505187465417148,-0.20958726279069032,-0.12607313746082618
0.78,ctr50,3.6471556222008843,-0.053862320362354305,-0.1752252612037702
0.8,exact,3.936329043592327,0.09320782584553389,-0.10349801302151342
0.8,fwd20,4.0036846568882405,0.6054979674776768,0.2488113559675775
0.8,ctr20,3.88369094756469,0.1267264314300578,-0.09167194658308342
0.8,ctr50,3.656986312057801,0.253794208125091,-0.2562678946267353
0.8200000000000001,exact,4.137483054604297,0.16495085785190902,0.03534069308816587
0.8200000000000001,fwd20,3.996912758703335,0.6257452835365243,0.24584583222257408
0.8200000000000001,ctr20,4.118881329084219,0.48612363531562863,0.04943534202448685
0.8200000000000001,ctr50,3.829469778936479,0.43705826110028956,-0.25420644430318956
0.84,exact,3.979500935670302,0.12922999651251807,-0.043738067383716994
0.84,fwd20,4.00115936516425,0.6445184963383268,0.23931545920814834
0.84,ctr20,3.864682145494972,0.16652957300690732,0.008947808464786211
0.84,ctr50,3.7675816132422266,0.13067915478936093,0.05623336017637959
0.86,exact,4.253144913901787,0.0659717035818792,0.06413415246379632
0.86,fwd20,4.037119063506309,0.6081407844616153,0.238561577776584
0.86,ctr20,4.159516388578131,0.06771006132743185,0.044453079907065186
0.86,ctr50,3.8779972671438565,-0.1293972893161059,0.020027516419938274
0.88,exact,4.043079013462207,-0.20417799076659834,0.0827373576804736
0.88,fwd20,4.042439242094576,0.5721392273812125,0.22458646255201212
0.88,ctr20,4.011856895311064,-0.15929620668559324,0.06453745707849658
0.88,ctr50,3.9271281038099426,0.01437399914086862,0.025065599234664948
0.9,exact,3.96973956773376,-0.06829321886248357,0.1580985765436025
0.9,fwd20,4.051544898240619,0.6047524502160232,0.2323054967606195
0.9,ctr20,3.975825386149926,-0.06286545851926297,0.13729539639977809
0.9,ctr50,3.804735655529174,0.011632538274466475,0.052944862128167305
0.92,exact,3.8953697418967854,0.024650557237955728,0.2847025087963115
0.92,fwd20,3.9792978524079574,0.6807398069881827,0.2507432011135188
0.92,ctr20,3.8787091292291542,0.02171191025810512,0.2871434523811284
0.92,ctr50,3.648858254270426,0.02543070462490457,0.08697744322897694
0.9400000000000001,exact,3.904152870457389,0.03616770823588357,0.22786803883549867
0.9400000000000001,fwd20,4.0274207066663426,0.7379097404313002,0.2753310557265791
0.9400000000000001,ctr20,3.8374283113833965,0.04198347338595615,0.2490915127527219
0.9400000000000001,ctr50,3.4037690337528863,0.037058812355200726,0.3114381201106172
0.96,exact,3.603583128777384,0.03755128162076196,0.10692075318753208
0.96,fwd20,4.0163556974468415,0.7487365257908086,0.26368365874744826
0.96,ctr20,3.5641240584632783,0.04585673186717522,0.1531766523171206
0.96,ctr50,3.374028992746972,0.035062859478259795,0.1880273561968368
0.98,exact,4.007362870669352,0.07067055931065933,0.1445702665066516
0.98,fwd20,3.9826340096451913,0.7602588281620691,0.2532866778919861
0.98,ctr20,3.9753345608319854,0.09473264641244117,0.17201112977503374
0.98,ctr50,3.794276985740612,-0.07870901925865512,0.30919097420925784
1.0,exact,4.140554158825003,-0.186066017499835,0.17883441256959587
1.0,fwd20,3.9868238474041164,0.7331409172255537,0.2510198517786277
1.0,ctr20,4.082376066956121,-0.18832809487363678,0.16228363520023215
1.0,ctr50,3.755128565390789,-0.10590345083446831,0.055526249710078225
1.02,exact,4.278521653313192,-0.14376331561201522,0.030527922941976565
1.02,fwd20,4.020850442350813,0.7437544935251088,0.26397113468398925
1.02,ctr20,4.2241304941841715,-0.12925273807040544,0.04534479380376992
1.02,ctr50,3.8702537847703926,-0.07261121488425194,0.025288666354457687
1.04,exact,4.159365834970361,-0.12620864248357974,0.036235612006461804
1.04,fwd20,4.037440551499376,0.7318372106986518,0.27606429885439265
1.04,ctr20,4.134630416007342,-0.14028074200024818,0.03917177584338938
1.04,ctr50,3.6023900634052928,-0.13010635706911727,0.08080399816729802
1.06,exact,3.7571182556598557,-0.3263682477952494,0.02115653160561501
1.06,fwd20,4.072214631206428,0.7429056081750716,0.2821037260313871
1.06,ctr20,3.7054842875511587,-0.34742150289727236,-0.00806232142603551
1.06,ctr50,3.763664235983839,-0.38923250507530227,-0.09414605482996294
1.08,exact,3.3887396039948845,-0.3635917292127648,-0.0382785533755611
1.08,fwd20,4.096501494290456,0.7617442602180348,0.27990350251993923
1.08,ctr20,3.415463460303041,-0.3610251173149546,-0.05002155935392444
1.08,ctr50,3.3697151343882026,-0.3560654951762077,-0.061568342962699696
1.1,exact,3.5465906613338576,-0.2241488829039711,0.12126391474468438
1.1,fwd20,4.133500236541522,0.7565707415261704,0.2708479330312702
1.1,ctr20,3.5112547258788895,-0.24981898704412753,0.1021794257780462
1.1,ctr50,3.1107632604242497,-0.26083371865762167,0.05807618724406177
1.12,exact,3.782247263993214,-0.14522212103895255,0.17069333327079658
1.12,fwd20,4.119176882213819,0.7430962607583806,0.2748782935489623
1.12,ctr20,3.6964857045385995,-0.15063279048109063,0.18987048506604906
1.12,ctr50,3.3548508742189975,-0.1984828509825453,0.11522493538188644
1.1400000000000001,exact,3.875992051273416,-0.26157851267828197,0.09392853265064635
1.1400000000000001,fwd20,4.084227948975554,0.7467707683416749,0.29287380565176735
1.1400000000000001,ctr20,3.8583708050398844,-0.2688523230643501,0.08510258049930469
1.1400000000000001,ctr50,3.6938793585257965,-0.2222911599114886,0.1264119139592827
1.16,exact,3.8543483833955205,-0.40094219405961395,0.11378190665422588
1.16,fwd20,4.081893868935461,0.7568952600367083,0.2975092739917749
1.16,ctr20,3.8572125826516004,-0.39550643380321227,0.10512817241535558
1.16,ctr50,3.604544389830463,-0.3210721367110871,0.04407251367666386
1.18,exact,4.023722364292302,-0.3181839321145931,0.08923353347766037
1.18,fwd20,4.073599719423276,0.7489426291566277,0.2974661633938185
1.18,ctr20,3.9269922383228097,-0.2870024070356604,0.07677855602404493
1.18,ctr50,3.56415918683225,-0.16179216041865196,-0.06848181549353904
1.2,exact,3.9090955131650476,-0.4264421495672048,0.022660106564266813
1.2,fwd20,4.017002666079119,0.7467279688997586,0.3171349535570484
1.2,ctr20,3.8915931460412905,-0.4344735697540134,-0.0055418989843554756
1.2,ctr50,3.847835552149773,-0.32348550823148337,-0.043565729188665414
1.22,exact,4.209538797149907,-0.32641109919543526,-0.06905248751744197
1.22,fwd20,3.998357428247444,0.7451426306210754,0.3065692324971545
1.22,ctr20,4.167116483201792,-0.3348101495067683,-0.0709972166072142
1.22,ctr50,3.7739243397392706,-0.11240311729320082,-0.08045301447317202
1.24,exact,4.309396310184418,-0.2180144397452438,-0.030962985691442013
1.24,fwd20,4.006047983779007,0.7316649013670871,0.29485252715786725
1.24,ctr20,4.194730722924378,-0.18371396697825093,-0.054890434921099907
1.24,ctr50,3.601899839849737,-0.354973032510827,-0.1525373603686326
1.26,exact,3.8078810732681263,-0.13907405869293016,-0.012773243288821332
1.26,fwd20,4.008380833487949,0.7724122397536692,0.2892727644429386
1.26,ctr20,3.7660502507181906,-0.1558060258386234,-0.015693001216636485
1.26,ctr50,3.52412352122627,-0.08095330702328268,0.026740147881069265
1.28,exact,3.6554893753538917,-0.054607738376865125,0.07991722304204515
1.28,fwd20,3.9992641426438325,0.7898764291496153,0.3018779317323302
1.28,ctr20,3.613030170718682,-0.0354361279619224,0.07347618579120749
1.28,ctr50,3.6381049540428876,0.05832438658759569,-0.0008516464477053287
1.3,exact,3.9357537740855975,-0.1876631416701357,0.06375056464262227
1.3,fwd20,4.020173069966634,0.7405138204856023,0.2839785719623681
1.3,ctr20,3.9102972492925874,-0.15885962957557487,0.05762348146732513
1.3,ctr50,3.4639471509045494,0.057041979991279565,0.00670827554653633
1.32,exact,3.7799158762066796,-0.003866136778962123,-0.08819917032150273
1.32,fwd20,3.9681905227078937,0.7730522989807244,0.26270463787925813
1.32,ctr20,3.7686548279124015,-0.03886496549038581,-0.115888522357379
1.32,ctr50,3.6981506759731237,-0.28794247009356133,-0.06080448828601867
1.34,exact,3.6406364833102196,-0.18638143397953633,-0.0499359820430447
1.34,fwd20,3.942476785773383,0.8051199752497296,0.27269630640776793
1.34,ctr20,3.618922331730346,-0.20392866792607517,-0.042064529378753684
1.34,ctr50,3.617875158519961,-0.09972324001712649,-0.08156205478549387
1.36,exact,3.698682922920243,-0.17486379130855847,0.16285574441856532
1.36,fwd20,4.017157730579914,0.8000050875134576,0.2949501237887339
1.36,ctr20,3.7185968800918507,-0.19073284297836346,0.1275980026486686
1.36,ctr50,3.727918632491075,-0.14291451348924872,0.01964977168158555
1.3800000000000001,exact,3.803273132469459,-0.13792875895308526,0.11553411818283565
1.3800000000000001,fwd20,4.013106151270775,0.789883370763853,0.3355677636349784
1.3800000000000001,ctr20,3.7560171271581666,-0.15284204389888303,0.09569213252368558
1.3800000000000001,ctr50,3.494035270048018,-0.19761122596286113,0.07522251900449245
1.4000000000000001,exact,3.813529836267917,-0.011375437404900587,0.01923547009715837
1.4000000000000001,fwd20,4.021701307182815,0.7925923986373722,0.3281434849455855
1.4000000000000001,ctr20,3.7653248076222283,-0.051075784670955506,0.03826815033862363
1.4000000000000001,ctr50,3.5165989930757426,-0.007553388081376525,0.04010501174533064
1.42,exact,3.799793290671497,0.0194277294719369,-0.006581951714859445
1.42,fwd20,4.0204408479114475,0.7601130793730868,0.32014357007087313
1.42,ctr20,3.754101457237193,0.038559523709857865,0.0018845102792660051
1.42,ctr50,3.6306039381311788,-0.22516192878156255,0.03504943065935795
1.44,exact,3.8048789758509507,-0.05648317187046963,0.17464857087621305
1.44,fwd20,4.005417748540166,0.7312689780465109,0.3224092500531973
1.44,ctr20,3.748285704443667,-0.029643996718740094,0.15782933518252584
1.44,ctr50,3.5346211179639178,-0.07066717134567853,0.06586611408273838
1.46,exact,4.064865696135737,0.11112893363443331,0.0571589857206351
1.46,fwd20,3.984325337271242,0.7127122354105311,0.34352220790881693
1.46,ctr20,4.005755424616206,0.11776501207228787,0.07214308333750583
1.46,ctr50,3.715036160277358,0.02188194882650151,0.07786344388343658
1.48,exact,4.164674564315496,0.10880922525219833,0.04464955852151488
1.48,fwd20,3.977087438754806,0.7026219439576162,0.3375511082544048
1.48,ctr20,4.095691432791966,0.10600199769244645,0.04131036472534111
1.48,ctr50,3.845217014290575,0.08158731937132911,0.02436870804030638
1.5,exact,4.192391298878859,0.14087763985403065,-0.008542934173891029
1.5,fwd20,3.9779226416886297,0.707145332524952,0.3472411854342143
1.5,ctr20,4.164354118792633,0.13079792104194365,-0.012997553437752107
1.5,ctr50,3.9609296513280627,0.09060993305366893,-0.00472568161064044
1.52,exact,4.186500877581885,0.05282011144725818,-0.07454906022070917
1.52,fwd20,3.984351037926177,0.7009714554143939,0.33781352657764085
1.52,ctr20,4.107349287751701,0.12385607774777539,-0.0571117841027414
1.52,ctr50,3.8808891039790328,0.1895575531647126,-0.02629121468936492
1.54,exact,4.067392894836299,-0.16794029490298618,-0.1263999820890919
1.54,fwd20,3.991918006897378,0.68638925458032,0.33416523577586515
1.54,ctr20,3.9722978898787096,-0.16588912968443825,-0.12321380241177007
1.54,ctr50,3.6610993403187804,-0.03353768894993042,-0.10454312415519178
1.56,exact,4.171570787373154,-0.2532951569244014,-0.10011846399147452
1.56,fwd20,3.978127683143329,0.6821265633523885,0.3215516095215777
1.56,ctr20,4.167020104811215,-0.25893644094073687,-0.08412099520598099
1.56,ctr50,3.7132161460999367,-0.13045258159402895,-0.11655607762371484
1.58,exact,4.284533483522285,-0.39513796051736916,-0.0071309705910813925
1.58,fwd20,4.000148479324556,0.6960778014050755,0.3353307324176814
1.58,ctr20,4.190397323431219,-0.38059069175587723,0.006048989551279499
1.58,ctr50,3.921887229795852,-0.2668090010122742,-0.10362456392353782
1.6,exact,4.1803550598399735,-0.13573704661209968,0.012277611622560122
1.6,fwd20,4.007659269005762,0.7283973872165301,0.3489179902124351
1.6,ctr20,4.122514332385435,-0.17632915231498544,-0.006778725012392135
1.6,ctr50,3.810669813774947,-0.3213751845654411,-0.04595638163648957
1.62,exact,4.088867581711212,-0.10004126290713661,-0.06445769229987869
1.62,fwd20,4.025765978409645,0.7453880964656149,0.333053417343004
1.62,ctr20,4.068297490338566,-0.107782074682298,-0.04228642807772749
1.62,ctr50,3.8529425713759853,-0.16218273641751302,0.002536818168845545
1.6400000000000001,exact,3.9605230039335186,-0.15739981151742832,0.0530982433669
1.6400000000000001,fwd20,4.053602754234694,0.776274902237537,0.31349133921013567
1.6400000000000001,ctr20,3.9097757589216062,-0.16555333422093327,0.052040844949162585
1.6400000000000001,ctr50,3.6763887939653284,-0.0976266202387785,0.05042382428802139
1.6600000000000001,exact,3.8612026889290334,-0.008810243456590712,0.06856809755987486
1.6600000000000001,fwd20,4.060849926684631,0.7979074124446586,0.2932720699201236
1.6600000000000001,ctr20,3.811754044868669,-0.03636168977817984,0.07087137552638824
1.6600000000000001,ctr50,4.02163404128545,-0.20447608754915653,-0.20444129190209728
1.68,exact,3.9267256735215734,0.03253580383133052,-0.02159356742293847
1.68,fwd20,4.05509003759863,0.7831284884191734,0.2777749038807915
1.68,ctr20,4.067446796476092,-0.1195110318120772,-0.15415804264994395
1.68,ctr50,3.7554221744910823,-0.07951565232114355,-0.1695539737938111
1.7,exact,3.9122293535454205,-0.017053916355746518,-0.02778769700842979
1.7,fwd20,4.065387465576677,0.7705063415431666,0.28099595956684476
1.7,ctr20,3.91930019841062,-0.02589069079113747,-0.029165890244381903
1.7,ctr50,3.7370320082496384,0.12363560831201476,-0.03873667544316728
1.72,exact,3.937812496700124,-0.017444366520782337,0.016476941525252642
1.72,fwd20,4.02528859535073,0.7581896084514131,0.2644584315098729
1.72,ctr20,3.896581805936356,-0.03457386544908726,0.006442693848091693
1.72,ctr50,3.6822195897067442,-0.005430151804693514,-0.02063850702372047
1.74,exact,3.9663919673442076,-0.09114689692000472,0.0834027273905413
1.74,fwd20,4.017443710638738,0.7366522768936298,0.25396598701408624
1.74,ctr20,3.926868233163924,-0.09727429862559502,0.07516718539284324
1.74,ctr50,3.6826010017331976,-0.053032404686301896,0.011853787856498751
1.76,exact,3.8109598167725927,-0.15086925662501594,0.1331871970707731
1.76,fwd20,4.004660511945378,0.7138563769564601,0.2603397085418372
1.76,ctr20,3.7743759118254117,-0.14993721357397055,0.13486352912001603
1.76,ctr50,3.619111419405998,-0.02623692422909099,0.09543514840106068
1.78,exact,3.715059781834943,-0.035501780671218716,0.07552231197351462
1.78,fwd20,3.9915327826902596,0.7074146892245524,0.25715846336952747
1.78,ctr20,3.7056901130455646,-0.043554221231511786,0.04187320860023195
1.78,ctr50,3.598347081192136,-0.086210710017586,0.057790529166232854
1.8,exact,3.6392739908540808,0.16901726326013344,-0.004751376650837857
1.8,fwd20,4.005819970158525,0.6893302569515231,0.24770491457704685
1.8,ctr20,3.6193370485180343,0.1686751716454597,0.002167909695807352
1.8,ctr50,3.467966443446469,0.11245531336392897,0.04410367916433963
1.82,exact,3.726148317231659,-0.15415297685763668,0.0034557631269583333
1.82,fwd20,4.033850660968694,0.6682914882813198,0.238891545156295
1.82,ctr20,3.6474224233976873,-0.13235899213026975,0.001124272040559926
1.82,ctr50,3.6667481293540556,0.16481700863576104,-0.046012338470645425
1.84,exact,3.9369182814149704,0.17302150939586067,-0.08260033340891304
1.84,fwd20,4.013692864219205,0.6885483649006215,0.23182637251719024
1.84,ctr20,3.8792791877477777,0.16162259130886752,-0.0742474843448496
1.84,ctr50,3.5908570545462632,0.25105100213357695,-0.026780692078583246
1.86,exact,3.826648885884587,0.28820385869273923,-0.09382440058471815
1.86,fwd20,4.0155970817728805,0.7215216416730854,0.22657469826839588
1.86,ctr20,3.825154376876311,0.29805391861521596,-0.09243554765768598
1.86,ctr50,3.597476822502905,0.29397358416483343,-0.08659220740322199
1.8800000000000001,exact,4.004937515769058,0.26775054361773104,-0.104737313200454
1.8800000000000001,fwd20,3.9885925570283014,0.7498353173382247,0.22246929491134837
1.8800000000000001,ctr20,3.9733995665232937,0.2557714490585895,-0.10220450158065317
1.8800000000000001,ctr50,3.702549628318451,0.19815539458156822,-0.0961698379088598
1.9000000000000001,exact,3.922041245909247,0.12518052480518646,-0.04439060071523232
1.9000000000000001,fwd20,3.9972604199325223,0.7679799713351878,0.22028932733978285
1.9000000000000001,ctr20,3.860356430384064,0.14454021020318508,-0.05516689869474367
1.9000000000000001,ctr50,3.698206524805869,0.18180582932896766,-0.09795786969260702
1.92,exact,3.8711654666297504,0.14133072202608085,-0.10762361975908906
1.92,fwd20,4.029504338754775,0.7733782792259782,0.22547142001112544
1.92,ctr20,3.83391667075172,0.13499436486027033,-0.09128575484270371
1.92,ctr50,3.6112706784583852,0.11076834637471851,-0.07314087196830328
1.94,exact,4.03954167028388,0.26714580361609547,-0.1630531601637555
1.94,fwd20,4.014371034685293,0.767768527353284,0.21170420113390004
1.94,ctr20,3.982603471951603,0.2563504408733476,-0.15359595376389773
1.94,ctr50,3.6452862074645727,0.21387717050721733,-0.09945343291018992
1.96,exact,3.8789753739400803,0.09716315702450812,-0.04736457650205858
1.96,fwd20,3.997702169900713,0.7546637588906084,0.21769688583010438
1.96,ctr20,3.8335543816504662,0.0936945031876748,-0.04079631298872238
1.96,ctr50,3.5981408920475353,0.07607633274575927,0.0027667729556365706
1.98,exact,3.9331236834659284,0.19220663257022025,0.01367134425090094
1.98,fwd20,3.9846195938419777,0.7635370688619512,0.23415174775207198
1.98,ctr20,3.8979347827780275,0.19320650830175543,0.01831146871663797
1.98,ctr50,3.490001150536022,0.17440961307325079,0.029973347325228217
2.0,exact,3.9782546071657814,0.18013627689639505,0.01984996234269365
2.0,fwd20,3.997802347548654,0.7731173947797845,0.2392220943839284
2.0,ctr20,3.8707334512879568,0.17756024032292694,0.023204205634691
2.0,ctr50,3.42615213852654,0.15907190264536583,0.04477230702453269
2.02,exact,3.892837222395684,0.3377237976720357,0.27090773230503795
2.02,fwd20,3.9973470776690814,0.7804633434662183,0.22893817748401482
2.02,ctr20,3.830527125986169,0.29853616619987633,0.27404090476252996
2.02,ctr50,3.491957834723628,0.1766404382356984,0.198426370032842
2.04,exact,3.936809572433333,0.28917513850342924,0.15003833618606485
2.04,fwd20,3.968918008163155,0.7862539241772595,0.22011190898683566
2.04,ctr20,3.891733585407952,0.25888833965277946,0.16127398629423376
2.04,ctr50,3.7560149953375452,0.17292811004519673,0.14839916480316284
2.06,exact,3.8983179747119685,0.15352362749117363,0.12000846200693774
2.06,fwd20,3.9829534780405567,0.7867611608445334,0.23979851588922635
2.06,ctr20,3.834939479953097,0.15601041484114328,0.10950158908778768
2.06,ctr50,3.7153173312471317,0.1366572466895063,0.06991993702200408
2.08,exact,3.829174150765884,0.06281901618131483,-0.015329243281265337
2.08,fwd20,3.99374292390472,0.7814564968113997,0.24939706125386038
2.08,ctr20,3.808447815421762,0.07158598584842497,-0.005781477277908689
2.08,ctr50,3.688571994646821,0.05809785345505955,0.06691790986535985
2.1,exact,3.6316289498245142,0.09926636401904892,0.07181631465471436
2.1,fwd20,3.99490455898069,0.7888490998967279,0.2523842790168134
2.1,ctr20,3.6173242517693067,0.07186878090100864,0.07738936694480383
2.1,ctr50,3.5857756157982594,-0.12578345108812894,0.033755871431074114
2.12,exact,3.794533158639626,-0.12710437598598906,-0.0681098830110789
2.12,fwd20,3.9886366996823113,0.803831654641032,0.2628065140651536
2.12,ctr20,3.7341726974832024,-0.10493093160431378,-0.06364971120792805
2.12,ctr50,3.4478091792139174,-0.016781393997046333,-0.01694542449812944
2.14,exact,3.9035159204378482,-0.24890090314612934,-0.03971076387524064
2.14,fwd20,3.9798211530079612,0.7957713857660662,0.2843372440592828
2.14,ctr20,3.8085195449258924,-0.21242927435340775,-0.05233950638682322
2.14,ctr50,3.434186589856864,0.03620049402832317,-0.13114705704208174
2.16,exact,3.7983058979152053,0.01382891407079917,-0.038924146669843396
2.16,fwd20,3.974523865185329,0.7895514646294293,0.2915306284884525
2.16,ctr20,3.768980081252253,0.04220755800068752,-0.043296684800799956
2.16,ctr50,3.550163590955359,0.02580783305445808,-0.0466429327570657
2.18,exact,3.276462102144623,0.014748846254378875,0.06424343603879994
2.18,fwd20,3.976198729806515,0.7812965699005727,0.3102995521610806
2.18,ctr20,3.703786632362919,0.18226377115500725,-0.023557083943509624
2.18,ctr50,3.4780084514698237,0.16162347486016396,-0.018863384860339862
2.2,exact,3.9074522398164335,0.15797621334902137,0.03863546014689598
2.2,fwd20,3.9821531144600124,0.7810515619809004,0.31924149611334124
2.2,ctr20,3.869422137476881,0.17213614933604449,0.04455878856512735
2.2,ctr50,3.5853272815111925,0.19032418222030095,0.09259663357317241
2.22,exact,3.8748751106038304,0.17797650285960445,0.14985077397586727
2.22,fwd20,3.9861214465262127,0.7723288294314741,0.3098130149738139
2.22,ctr20,3.817744721575243,0.17185419783504668,0.1442540667112248
2.22,ctr50,3.55293027026155,0.28346975644225036,0.1868492754627111
2.24,exact,3.7884925542038985,0.10088035109084682,0.037975172478071674
2.24,fwd20,3.9777313873016884,0.7650508350733186,0.281704838898746
2.24,ctr20,3.7702079085385067,0.106047616049531,0.051681510898527974
2.24,ctr50,3.6560407866667433,0.10908137563871743,0.12935177906909665
2.2600000000000002,exact,3.825732541147681,0.11241165139138456,0.06648160078420984
2.2600000000000002,fwd20,3.900238476769016,0.7686307622518744,0.2788537016877974
2.2600000000000002,ctr20,3.759500705727169,0.10444353004819593,0.07403493949376364
2.2600000000000002,ctr50,3.476157530353597,0.09888963916710339,0.20954088370734023
2.2800000000000002,exact,3.940863774633529,-0.09306911806514123,-0.00032098985603881
2.2800000000000002,fwd20,3.877158617197246,0.7768904375656035,0.29629778081954417
2.2800000000000002,ctr20,3.8966433835128687,-0.07431466370303316,0.012720553330610798
2.2800000000000002,ctr50,3.685125448666531,-0.04030530942776098,0.06740030537594621
2.3000000000000003,exact,3.945913004170656,-0.047074644491642614,0.03264986341319376
2.3000000000000003,fwd20,3.8766783739894892,0.791030361806165,0.29937069523183485
2.3000000000000003,ctr20,3.897159076805771,-0.07563835332296827,0.043115043197212544
2.3000000000000003,ctr50,3.6872676970074427,-0.09938605581029963,0.05369736439889122
2.32,exact,3.3405094830655293,0.08124756306663564,0.3211544306739399
2.32,fwd20,3.840187899587435,0.7983597854007726,0.3040324954888086
2.32,ctr20,3.279856969000986,0.09431795065216311,0.3213944652204694
2.32,ctr50,3.7139564848066007,-0.09427733067760692,0.03758379768984474
2.34,exact,3.6977147926311744,0.018209975426962455,0.14887966416217752
2.34,fwd20,3.8540232010641375,0.78784226286355,0.27825963215937466
2.34,ctr20,3.7288177017173347,0.060473919841629996,0.1860339491917561
2.34,ctr50,3.455676141021917,-0.043483690480651954,-0.006261154954429873
2.36,exact,3.7970100428196942,-0.09455423696452955,0.019163553325046007
2.36,fwd20,3.865863873307804,0.7836220789634187,0.2656721219197773
2.36,ctr20,3.7577868238340892,-0.08017715126575173,0.022384592401334558
2.36,ctr50,3.5537375433678084,-0.0030160477291246383,0.06455505387532878
2.38,exact,3.9033476234249784,-0.04628334168923221,0.06017871143524409
2.38,fwd20,3.8393795069855186,0.7681765718012086,0.2429602560799652
2.38,ctr20,3.8596436709425337,-0.03259628584435687,0.057850861333082565
2.38,ctr50,3.625917863149547,0.04285855283164941,0.004986375854890063
2.4,exact,3.924672458542243,0.0011333298291217528,0.07565046371955571
2.4,fwd20,3.839513879630089,0.754014079402327,0.22028596238757106
2.4,ctr20,3.8781586880090027,0.024169451077355672,0.08281202691987391
2.4,ctr50,3.6900680303311857,-0.06758717239488721,0.05150489566655494
2.42,exact,4.016643178823436,0.16176284082371456,0.09016635138414181
2.42,fwd20,3.8506153357855135,0.7519893915445914,0.22318477547649793
2.42,ctr20,3.9728819959968096,0.14421226893657857,0.09217463235347173
2.42,ctr50,3.722706342092864,0.03505241561639394,0.047875298597609625
2.44,exact,3.946647075168963,0.21461221140037773,0.04986981252980772
2.44,fwd20,3.8614720514500065,0.7687294797506912,0.2187195379051377
2.44,ctr20,3.9337544127066124,0.1951717486203214,0.025900794651529134
2.44,ctr50,3.8791259020394424,0.46133219932994396,0.11108919656323168
2.46,exact,4.027445115975523,0.200175009018076,-0.09447209804130491
2.46,fwd20,3.870343991611943,0.8052434936590873,0.2211001889863816
2.46,ctr20,3.9756552495335584,0.17234505768016617,-0.08927079500753399
2.46,ctr50,3.724523538617884,0.15265704857933293,-0.142966742023511
2.48,exact,4.119459006820637,-0.26245045749139434,-0.18160613972589518
2.48,fwd20,3.8737797260540674,0.8543964616874191,0.2154369261066305
2.48,ctr20,4.045343919915261,-0.25830798201178434,-0.13537809772700907
2.48,ctr50,3.825722335112445,-0.20406383613209847,-0.11571540096185762
2.5,exact,4.491063212347971,-0.2238115317353801,-0.02525665992037074
2.5,fwd20,3.866415419922271,0.864364876973305,0.21302763656875032
2.5,ctr20,4.054817185736316,-0.16051506989159786,0.0452004354228811
2.5,ctr50,3.92271463204725,-0.08995660904331564,-0.058839677093065465
2.52,exact,4.071428845852606,-0.09445561923362773,-0.05779386582267665
2.52,fwd20,3.8448306191833845,0.8443192994297517,0.2178015312444509
2.52,ctr20,4.063328853962194,-0.10787372012126781,-0.050891344466781424
2.52,ctr50,3.7806857971405847,-0.10155118572435397,0.001680563656288346
2.54,exact,4.052149978143045,-0.12114707263829697,-0.01696305875923551
2.54,fwd20,3.8152334541403876,0.8675110020886954,0.22017007535713412
2.54,ctr20,4.010389663562673,-0.1485202243618837,0.005869293008201215
2.54,ctr50,3.7906748820692733,-0.31089263800833755,0.15015826451865175
2.56,exact,3.898139026030096,-0.12815069229805282,-0.00976358329253399
2.56,fwd20,3.8556767133857877,0.8899346817053009,0.22180590964284774
2.56,ctr20,3.9149570695314595,-0.15493911953934236,-0.0005410237109048713
2.56,ctr50,4.018261792831077,-0.3211631766764651,0.00012782246057779778
2.58,exact,4.0350827478763485,-0.010220474860779122,-0.027782318792129612
2.58,fwd20,3.8133940890594156,0.8925694926560597,0.21999937659401442
2.58,ctr20,3.9872056618256018,-0.0060303351057913596,-0.024103575915937342
2.58,ctr50,3.810048745665166,0.034926236101820905,-0.03374883631119767
2.6,exact,4.095514131987529,0.09252137392891352,-0.06789465977805675
2.6,fwd20,3.875130330846231,0.8780309844489795,0.20566843543228122
2.6,ctr20,4.034582289193185,0.08693279890457892,-0.06761773578416175
2.6,ctr50,3.8330976507265917,0.09781950855801899,-0.02522448318318482
2.62,exact,4.012620570607012,0.2696743283122284,0.09210940173730392
2.62,fwd20,3.9419418444696537,0.8529645373498319,0.19364509309158817
2.62,ctr20,3.805197904641723,0.3060493985768025,0.0986016688568877
2.62,ctr50,3.7978289822729945,0.0011150223651406402,0.0006029386495573913
2.64,exact,3.9839981218012204,0.023467122367935165,-0.04914727838673337
2.64,fwd20,3.9650857167261115,0.8398071325177612,0.18964972147852843
2.64,ctr20,3.9533434789724993,0.03394971093616672,-0.05684559912131064
2.64,ctr50,3.8105143511503705,0.06933818760093477,-0.05663294736068217
2.66,exact,3.909026617666653,0.07848991218574036,-0.06723729071684309
2.66,fwd20,3.955616076041772,0.8324416330335429,0.19378512430502243
2.66,ctr20,3.8609810348192926,0.11191192571009334,-0.05798499955412312
2.66,ctr50,3.736239713577043,0.06772601663207176,-0.011756595239956702
2.68,exact,4.121080974737677,0.023845256400725264,-0.009820931473824374
2.68,fwd20,3.961806468127421,0.8303522905246412,0.20529017930506538
2.68,ctr20,4.067243175823313,0.0732927220397444,-0.0008328645984146954
2.68,ctr50,3.793434127849645,0.08727245287032141,0.04896963360073675
2.7,exact,3.941166623844299,0.05875302990341649,-0.07028203919367565
2.7,fwd20,3.9725075279586495,0.8328605380076615,0.2300080200574613
2.7,ctr20,3.8950399683369783,0.04574854956273128,-0.07087004372749743
2.7,ctr50,3.743271179414153,-0.008207837998200764,-0.047889438643012684
2.72,exact,4.080803042729868,0.11263980558913125,-0.09246186936735325
2.72,fwd20,3.965571246031444,0.8339538935185411,0.24702536874858927
2.72,ctr20,4.040282271856243,0.09951762506472604,-0.09198129816088585
2.72,ctr50,3.8433547243749824,0.053812701964159715,-0.03880801335281489
2.74,exact,4.110771307662188,0.17573942759969496,-0.08003551755616276
2.74,fwd20,3.949217684937622,0.84108139330702,0.257611346711665
2.74,ctr20,4.053577042732718,0.18735687081333147,-0.073787267433643
2.74,ctr50,3.8243862048005197,0.12746523553860167,-0.05975146320669836
2.7600000000000002,exact,4.128347582963034,0.18071659627848313,-0.03785776152257951
2.7600000000000002,fwd20,3.9385271398769843,0.8503864308093945,0.2874460565394416
2.7600000000000002,ctr20,4.0540476106127805,0.15323957893628531,-0.034723889523701264
2.7600000000000002,ctr50,3.793090608171608,0.13497215016821468,-0.04524578488057661
2.7800000000000002,exact,4.120445286489275,0.21755245731648293,-0.019986559490349255
2.7800000000000002,fwd20,3.9141231467737576,0.8658172866576157,0.2732365599880962
2.7800000000000002,ctr20,4.0470721505811,0.21832078209693645,-0.00964069514286603
2.7800000000000002,ctr50,3.826317051711462,0.1673998361614501,0.016749751121347467
2.8000000000000003,exact,4.560264026414245,0.1305366855929788,0.205737533166915
2.8000000000000003,fwd20,3.9087939359777497,0.8809168792452133,0.27102192903849653
2.8000000000000003,ctr20,4.094071240221405,0.18182691129351686,0.07613410001149971
2.8000000000000003,ctr50,3.80999585710469,0.18134496541141287,0.07626265138583402
2.82,exact,4.287917965327969,0.2219186903305845,0.07065753035091332
2.82,fwd20,3.932095140513976,0.8980235787452058,0.28857582358779366
2.82,ctr20,4.210030661212389,0.19658833049592817,0.04008325763524037
2.82,ctr50,3.9824589328143176,0.006785800883262576,0.11755671018952453
2.84,exact,4.047092330785893,-0.08992643036729854,0.08739535560696784
2.84,fwd20,3.9301587828478004,0.9172439054747248,0.32315369793153215
2.84,ctr20,3.9861543971678284,-0.09429931222475033,0.0892767736197522
2.84,ctr50,3.773338887122227,-0.0746003648819345,0.06714313372118791
2.86,exact,4.119350238344361,-0.11670594780704738,0.03995540110044181
2.86,fwd20,3.9095588755738264,0.9366799001005339,0.3176673963313895
2.86,ctr20,4.042567081407719,-0.12099284373008787,0.054280987567369786
2.86,ctr50,3.818253347467894,-0.1262446515551087,0.10418528525864416
2.88,exact,4.218250803435088,-0.13425132977830315,-0.015175985678513651
2.88,fwd20,3.8929111136580348,0.9502037567072331,0.32678466028209824
2.88,ctr20,4.14754057452034,-0.15103857995815181,-0.024578551014924607
2.88,ctr50,3.8392990480010782,-0.11702455772417392,-0.034791058985196174
2.9,exact,4.219354078021665,-0.05425195362674003,-0.017430478590329514
2.9,fwd20,3.918489467080038,0.9475815570869892,0.3693510707957312
2.9,ctr20,4.176345172866782,-0.05303892701831116,-0.018802526426399395
2.9,ctr50,3.8745255764869304,-0.045041426624677056,-0.024257044457865223
2.92,exact,4.250282034647029,-0.032760991615957365,0.03525600859683789
2.92,fwd20,3.958665130831646,0.9255459541538342,0.3415219926704689
2.92,ctr20,4.1625184591243105,-0.03460393075994162,0.030550662742355905
2.92,ctr50,3.906865003844418,-0.03894719067661648,0.008932020849244535
2.94,exact,4.3400170619602,-0.21049454675260842,0.011290263010999946
2.94,fwd20,3.99017006650086,0.8940614180707901,0.34607381513052304
2.94,ctr20,4.285466111769303,-0.19483113984072695,0.010657858310051116
2.94,ctr50,3.945967593481884,-0.08047938608703341,0.029518481117144252
2.96,exact,4.3625578963968135,-0.07149739678633653,0.06665292635902817
2.96,fwd20,4.009868345106033,0.8743666302246242,0.3042017009285573
2.96,ctr20,4.316673923429593,-0.07070433678475459,0.0810197514712806
2.96,ctr50,3.921069123138632,-0.19238468476702159,0.06241918625376247
2.98,exact,4.298044689387842,0.020171275501937806,0.017001119427881406
2.98,fwd20,4.023035141066501,0.8639072083270127,0.28450097534805285
2.98,ctr20,4.238705200906061,0.014637858916612755,0.01439181446773577
2.98,ctr50,3.9447262410403194,-0.10664824443341735,0.002596712503591253
3.0,exact,4.122882784957616,0.1140739248927192,-0.0027385242934689913
3.0,fwd20,4.009429437310107,0.862675126198153,0.2646300728162787
3.0,ctr20,4.1041234432338705,0.10961450445838858,0.02600994669179932
3.0,ctr50,4.067839112744853,0.11069200134888196,0.14400342857356593
3.02,exact,4.520636547740171,0.1376010702152547,-0.1043412549320987
3.02,fwd20,3.96046842856199,0.8733571526585627,0.24492441861338987
3.02,ctr20,4.403526753853013,0.07015371300791437,-0.016780947061292018
3.02,ctr50,4.1348662922604555,0.07516582633056271,-0.014404492227643867
3.04,exact,4.725077816946277,-0.15758240948281754,-0.06069389180216406
3.04,fwd20,3.959500676513845,0.8939151353528783,0.23127948400734027
3.04,ctr20,4.680682424894542,-0.2591782593186589,-0.08888362909407965
3.04,ctr50,4.333870234255616,-0.3150011148816962,0.015134352363442738
3.06,exact,4.605740567044467,-0.22680565421451876,-0.12408954942250172
3.06,fwd20,4.01248614710161,0.8491239936973738,0.25353797055576005
3.06,ctr20,4.580411601103659,-0.2224085421266706,-0.1286870734924467
3.06,ctr50,4.421159914506598,-0.22788371615135752,-0.07749673708047788
3.08,exact,4.635905181808386,-0.3653632233147561,-0.05423961251430875
3.08,fwd20,4.009516068085543,0.8935644583969395,0.2616817248835066
3.08,ctr20,4.591052269536732,-0.3263445744540886,-0.05709485239454228
3.08,ctr50,4.402256462075704,-0.28500600458418457,-0.06178183830822383
3.1,exact,4.265961291206098,-0.40148105060197653,-0.09711355023362159
3.1,fwd20,4.080771152619431,0.929535613406578,0.27490095951362453
3.1,ctr20,4.18141011217868,-0.35857589101725645,-0.08644274928923178
3.1,ctr50,3.846918471188726,-0.2887521927288019,-0.09815165144582327
3.12,exact,3.9937704997500294,-0.513116828143622,-0.14625754804235833
3.12,fwd20,4.141836166442239,0.9551075346566853,0.2843621908810532
3.12,ctr20,3.9384840519055038,-0.43600323009501624,-0.11380348086414024
3.12,ctr50,3.6814115468960584,-0.45943815382186315,-0.07367069525044495
3.14,exact,3.8810293324693332,-0.0866159598757642,-0.020119351588828965
3.14,fwd20,4.173937389042832,1.0316381467896418,0.27818662017500206
3.14,ctr20,3.8721720957755363,-0.08188239701531065,-0.002028286120604239
3.14,ctr50,4.1954927589716675,-0.38972007913240025,0.03552565307131428
3.16,exact,4.073214467147933,-0.12510490987518122,-0.03722701040004306
3.16,fwd20,4.18736688033969,1.0715230166848384,0.2765483061810952
3.16,ctr20,4.0492863312289185,-0.11158574116194507,0.011892623970253091
3.16,ctr50,3.95289068420764,-0.2973734009569551,-0.020685687904354655
3.18,exact,4.252495857034251,-0.12136361218724198,-0.0003431305027606635
3.18,fwd20,4.219520046802916,1.0456050783218407,0.2602728173924569
3.18,ctr20,4.194395738047816,-0.10052238526786862,-0.002604285133171902
3.18,ctr50,3.9333056529196204,-0.08522680950140703,0.0036961517856906323
3.2,exact,3.8375683520686765,-0.25336628600151734,-0.09182304254703694
3.2,fwd20,4.173803491820752,1.1455122429433462,0.2449225806253278
3.2,ctr20,3.8193737054369707,-0.27784046470208984,-0.07705906226824022
3.2,ctr50,3.6734347875327447,-0.15791315029024403,-0.10067817238571627
3.22,exact,3.7858781710792266,-0.26448901358447485,0.03177554722856502
3.22,fwd20,4.088547180117853,0.9533856800942032,0.2320094868016081
3.22,ctr20,3.7467203620479523,-0.28456246222359016,0.03392274247851815
3.22,ctr50,3.595968857023763,-0.21400023099749726,0.018112863129682764
3.24,exact,3.78890271714339,-0.37976195438624477,0.08839454078828177
3.24,fwd20,4.102529301062322,0.9528104688012848,0.1767747133730049
3.24,ctr20,3.726071422797614,-0.3786061334652877,0.07586591963026655
3.24,ctr50,3.6107201022145086,-0.244212714786953,0.007654729570633442
3.2600000000000002,exact,4.009776033024488,-0.2612983563641457,-0.05880304651458498
3.2600000000000002,fwd20,4.06698406380707,0.9766542465832089,0.19808071980390063
3.2600000000000002,ctr20,3.960528598632105,-0.26561162583432646,-0.05855051352775084
3.2600000000000002,ctr50,3.6879436201408917,-0.19616920255863296,-0.040922658327510325
3.2800000000000002,exact,4.040295572240121,-0.23826037427328836,0.041314872655959345
3.2800000000000002,fwd20,4.071404998995942,1.0073314299322473,0.20382685934474298
3.2800000000000002,ctr20,3.9878566674469766,-0.24200730443295662,0.03858291127558845
3.2800000000000002,ctr50,3.7762110121227663,-0.18699623675004867,-0.00521079328686519
3.3000000000000003,exact,3.9920828278791642,-0.14871870967833703,-0.01584638277511681
3.3000000000000003,fwd20,4.038517171213757,1.0365612034676857,0.2126421619184093
3.3000000000000003,ctr20,3.933141530388136,-0.1300110045963706,-0.008040415286202252
3.3000000000000003,ctr50,3.7369532941963017,-0.31784948111365885,-0.07321944495432894
3.3200000000000003,exact,3.783237274572305,0.04729357709087799,-0.16987250483289573
3.3200000000000003,fwd20,4.027251359340839,1.0708824114250644,0.22106097115566278
3.3200000000000003,ctr20,3.767120310479605,0.04886269591199752,-0.14189138043383087
3.3200000000000003,ctr50,3.637125496927638,0.026612691410053957,-0.03623246324214878
3.34,exact,3.910550564464015,-0.20162381106340013,-0.20345337947366054
3.34,fwd20,3.9905712667412185,1.0381380159765878,0.22936829023287514
3.34,ctr20,3.8579554505206626,-0.17371216367823034,-0.17770689898742736
3.34,ctr50,3.639014052676787,-0.038035286340465047,-0.07033089778395812
3.36,exact,4.113708899181802,-0.08831735789032531,-0.22271056702850767
3.36,fwd20,3.953585643168256,0.9792856179989821,0.23626428787424314
3.36,ctr20,3.8882093984996926,-0.22151750220724462,-0.12250791307879305
3.36,ctr50,3.6410545127096707,-0.05594595336126473,-0.09264993861585831
3.38,exact,4.123588200922645,-0.1921666115980391,-0.28527218510674024
3.38,fwd20,3.9750023862728137,1.0182969613720378,0.23146559511779308
3.38,ctr20,4.124878189439079,-0.1893845039511488,-0.2784340162357769
3.38,ctr50,3.61889061673486,-0.05077090684446371,-0.08284068840394418
